drop table scholarship_applications;
drop table student;
drop table college;
drop table high_school;
drop table scholarship;
drop table company;
drop table majors;
drop table ethnicity;
drop table states;

CREATE TABLE states
(
	state_abbr char(2) PRIMARY KEY,
	state_name varchar(30)
);

INSERT into states VALUES
('AL', 'Alabama'),
('AK', 'Alaska'),
('AZ', 'Arizona'),
('AR', 'Arkansas'),
('CA', 'California'),
('CO', 'Colorado'),
('CT', 'Connecticut'),
('DE', 'Delaware'),
('FL', 'Florida'),
('GA', 'Georgia'),
('HI', 'Hawaii'),
('ID', 'Idaho'),
('IL', 'Illinois'),
('IN', 'Indiana'),
('IA', 'Iowa'),
('KS', 'Kansas'),
('KY', 'Kentucky'),
('LA', 'Louisiana'),
('ME', 'Maine'),
('MD', 'Maryland'),
('MA', 'Massachusetts'),
('MI', 'Michigan'),
('MN', 'Minnesota'),
('MS', 'Mississippi'),
('MO', 'Missouri'),
('MT', 'Montana'),
('NE', 'Nebraska'),
('NV', 'Nevada'),
('NH', 'New Hampshire'),
('NJ', 'New Jersey'),
('NM', 'New Mexico'),
('NY', 'New York'),
('NC', 'North Carolina'),
('ND', 'North Dakota'),
('OH', 'Ohio'),
('OK', 'Oklahoma'),
('OR', 'Oregon'),
('PA', 'Pennsylvania'),
('RI', 'Rhode Island'),
('SC', 'South Carolina'),
('SD', 'South Dakota'),
('TN', 'Tennessee'),
('TX', 'Texas'),
('UT', 'Utah'),
('VT', 'Vermont'),
('VA', 'Virginia'),
('WA', 'Washington'),
('DC', 'Washington, D.C.'),
('WV', 'West Virginia'),
('WI', 'Wisconsin'),
('WY', 'Wyoming');

CREATE TABLE ethnicity
(
	ethnicity varchar(25) PRIMARY KEY,
	continental_origin varchar(25) NOT NULL,
	is_minority boolean NOT NULL
);

insert into ethnicity values
('ENGLISH', 'EURASIA', FALSE),
('GERMAN', 'EURASIA', FALSE),
('KENYAN', 'AFRICA', TRUE),
('JAPANESE', 'ASIAN', TRUE),
('HISPANIC', 'AMERICAS', TRUE),
('ITALIAN', 'EURASIAN', FALSE),
('THAI', 'SOUTHEAST ASIAN', TRUE),
('INDIAN', 'INDIAN SUBCONTINENT', TRUE),
('BRAZILIAN', 'AMERICAS', TRUE);

CREATE TABLE majors
(
	major_id serial PRIMARY KEY,
	type varchar(120) NOT NULL,
	title varchar(120) NOT NULL,
	is_stem boolean NOT NULL
);

INSERT INTO majors VALUES 
( DEFAULT, 'STEM', 'Bachelor of Science, Computer Science', TRUE),
( DEFAULT, 'STEM', 'Bachelor of Science, Chemistry', TRUE),
( DEFAULT, 'STEM', 'Bachelor of Science, Biology', TRUE),
( DEFAULT, 'STEM', 'Bachelor of Science, Physics', TRUE),
( DEFAULT, 'STEM', 'Bachelor of Science, Cyber Security', TRUE),
( DEFAULT, 'STEM', 'Bachelor of Science, Electrical Engineering', TRUE),
( DEFAULT, 'BUSINESS', 'Bachelor of the Fine Arts, Fashion Marketing', FALSE),
( DEFAULT, 'ART', 'Bachelor of the Fine Arts, Illustration', FALSE),
( DEFAULT, 'LIBERAL ARTS', 'Bachelor of the Arts, Economics', FALSE),
( DEFAULT, 'ART', 'Bachelor of the Arts, Graphic Design', FALSE),
( DEFAULT, 'BUSINESS', 'Bachelor of the Arts, Marketing', FALSE),
( DEFAULT, 'LIBERAL ARTS', 'Bachelor of the Arts, Education', FALSE),
( DEFAULT, 'BUSINESS', 'Bachelor of the Arts, Business Administration', FALSE),
( DEFAULT, 'BUSINESS', 'Bachelor of the Arts, Finanace', FALSE);

CREATE TABLE company
(
	company_id serial PRIMARY KEY,
	name varchar(50) NOT NULL,
	company_state varchar(2) REFERENCES states (state_abbr),
	industry varchar(120),
	is_publicly_held boolean
);

insert into company (name, company_state, industry, is_publicly_held) values
('Nasty Gal', 'CA', 'Fashion', false),
('Google Inc', 'CA', 'Technology', true),
('The Coca-Cola Company', 'GA', 'Food and Beverage', true),
('Campbells Soup Company',  'NJ', 'Food and Beverage', TRUE),
('Ford Motor Company', 'MI', 'Automotive', true),
('Wells Fargo & Company', 'NY', 'Financial Services', true),
('Penguin Random House', 'NY', 'Publishing', false),
('Microsoft', 'WA', 'Technology', true),
('Comcast', 'PA', 'Telecommunications', true),
('Facebook', 'CA', 'Social Media', true),
('Lockheed Martin', 'MD', 'Aerospace', true);

CREATE TABLE scholarship
(
	sco_id serial PRIMARY KEY,
	title varchar(120) NOT NULL,
	dollar_value decimal(10,2) NOT NULL,
	company_id integer REFERENCES company (company_id) not null,
	minority_restriction boolean,
	gender_restriction varchar(8),
	state_restriction varchar(2) REFERENCES states (state_abbr),
	stem_restriction boolean
);

insert into scholarship (title, dollar_value, company_id, minority_restriction, gender_restriction, state_restriction, stem_restriction)
values
('#GIRLBOSS', 2500, 1, NULL,'FEMALE', NULL, NULL),
('Generation Google Scholarship', 15000, 2, NULL, NULL, NULL, TRUE),
('Venkat Panchapakesan Memorial Scholarship', 10000, 2, TRUE, NULL, NULL, NULL),
('Anita Borg Memorial Scholarship', 10000, 2, NULL, 'FEMALE', NULL, TRUE),
('Campbells Soup Foundation Scholarship', 1000, 4, NULL, NULL, 'NJ', NULL),
('Pay It Forward Scholarship', 5000, 3, NULL, NULL, NULL, NULL),
('Coca Cola Leaders of Promise', 1500, 3, TRUE, NULL, NULL, NULL),
('Random House Scholars Package', 6000, 7, NULL, NULL, NULL, NULL),
('Financial Genius Scholarship', 4000, 6, NULL, NULL, NULL, NULL),
('Engineers For America Scholarship Fund', 7000, 5, NULL, NULL, NULL, TRUE),
('Leaders & Achievers', 1000, 9, NULL, NULL, 'PA', NULL),
('Microsoft Tuition Scholarship', 30000, 8, NULL, NULL, NULL, NULL),
('Diversity Conference Scholarship', 45000, 8, TRUE, NULL, NULL, NULL),
('Lockheed Martin Employee Sponsored Scholarship Program', 2000, 11, NULL, NULL, NULL, NULL),
('Take Flight!', 12000, 11, NULL, NULL, 'MA', NULL);

CREATE TABLE high_school
(
	school_id varchar(20) PRIMARY KEY,
	hs_state varchar(2) REFERENCES states (state_abbr) NOT NULL,
	name varchar(120) NOT NULL,
	is_impoverished boolean NOT NULL,
	is_public boolean NOT NULL
);

INSERT INTO high_school VALUES
( '370201000884', 'NC', 'HARNETT CENTRAL HIGH' , FALSE,  TRUE),
( '90123000187', 'CT', 'EAST HAMPTON HIGH SCHOOL' , TRUE,  TRUE),
( '370162002384', 'NC', 'FORESTVIEW HIGH' , TRUE,  TRUE),
( '120093002073', 'FL', 'WABASSO SCHOOL' , FALSE,  TRUE),
( '362721003704', 'NY', 'COLONIE CENTRAL HIGH SCHOOL' , TRUE,  TRUE),
( '510273001159', 'VA', 'NORTHUMBERLAND HIGH' , TRUE,  TRUE),
( 'A9900418', 'CA', 'GREEN PASTURES CULTIVATION ACA' , TRUE,  FALSE),
( '80336000389', 'CO', 'NORTH HIGH SCHOOL' , FALSE,  TRUE),
( '40497000404', 'AZ', 'MESA HIGH SCHOOL' , FALSE,  TRUE),
( '60133512419', 'CA', 'PACIFIC TECHNOLOGY SCHOOL SANTA ANA' , TRUE,  TRUE),
( '510324001373', 'VA', 'OPEN HIGH' , TRUE,  TRUE),
( 'A0903306', 'PA', 'WOODLYNDE SCHOOL' , TRUE,  FALSE),
( '400771000540', 'OK', 'CIMARRON HS' , TRUE,  TRUE),
( '292355001371', 'MO', 'PARK HILL HIGH' , TRUE,  TRUE),
( '484314004902', 'TX', 'TRENTON H S' , TRUE,  TRUE),
( '40088103394', 'AZ', 'BASIS PHOENIX CENTRAL PRIMARY' , TRUE,  TRUE),
( '403195001764', 'OK', 'WAUKOMIS HS' , TRUE,  TRUE),
( '263426006966', 'MI', 'TROY HIGH SCHOOL' , TRUE,  TRUE),
( '340693000512', 'NJ', 'HASBROUCK HEIGHTS HIGH SCHOOL' , TRUE,  TRUE),
( '10204000783', 'AL', 'LAWRENCE CO HIGH SCH' , FALSE,  TRUE),
( 'A9106158', 'SC', 'BARNWELL CHRISTIAN SCHOOL' , TRUE,  FALSE),
( 'AA000231', 'VA', 'CENTERVILLE CHRISTIAN SCHOOL' , TRUE,  FALSE),
( '422169003117', 'PA', 'SMETHPORT AREA JSHS' , TRUE,  TRUE),
( '00909503', 'NM', 'SANDIA PREPARATORY SCHOOL' , TRUE,  FALSE),
( '422040007238', 'PA', 'RINGGOLD SHS' , TRUE,  TRUE),
( '01464163', 'WA', 'WALLA WALLA VALLEY ACADEMY' , TRUE,  FALSE),
( 'A0103241', 'IN', 'HORIZON CHRISTIAN SCHOOL' , TRUE,  FALSE),
( '60897000901', 'CA', 'JOHANNA ECHOLS-HANSEN HIGH (CONTINUATION)' , TRUE,  TRUE),
( '61455001737', 'CA', 'HERBERT HOOVER HIGH' , FALSE,  TRUE),
( 'A9101527', 'CO', 'DENVER CHRISTIAN SCHOOLS' , TRUE,  FALSE),
( '272295001121', 'MN', 'MOUNDS VIEW SENIOR HIGH' , TRUE,  TRUE),
( '62308010656', 'CA', 'NIPOMO HIGH' , FALSE,  TRUE),
( '560299000168', 'WY', 'TORRINGTON HIGH SCHOOL' , TRUE,  TRUE),
( '470014801178', 'TN', 'WHITE STATION HIGH SCHOOL' , TRUE,  TRUE),
( '422397000753', 'PA', 'TUSSEY MOUNTAIN HS' , TRUE,  TRUE),
( '340001900269', 'NJ', 'CHARTER~TECH HIGH SCHOOL FOR THE PERFORMING ARTS' , TRUE,  TRUE),
( '220054000340', 'LA', 'ARLINGTON PREPARATORY ACADEMY' , FALSE,  TRUE),
( '317309001195', 'NE', 'LOUP CITY HIGH SCHOOL' , FALSE,  TRUE),
( '00343467', 'IL', 'MARIST HIGH SCHOOL' , TRUE,  FALSE),
( '270028703631', 'MN', 'PLAINVIEW-ELGIN-MILLVILLE HIGH' , TRUE,  TRUE),
( '61806002228', 'CA', 'FOUNTAIN VALLEY HIGH' , TRUE,  TRUE),
( '421827001406', 'PA', 'OWEN J ROBERTS HS' , TRUE,  TRUE),
( '02020466', 'FL', 'GRACE CHRISTIAN SCHOOL OF PASC' , TRUE,  FALSE),
( '450000401402', 'SC', 'CEDAR SPRINGS ACADEMY' , FALSE,  TRUE),
( '130186000853', 'GA', 'LITHIA SPRINGS COMPREHENSIVE HIGH SCHOOL' , FALSE,  TRUE),
( '484317004904', 'TX', 'TRINIDAD SCHOOL' , FALSE,  TRUE),
( '490021000105', 'UT', 'BOUNTIFUL HIGH' , TRUE,  TRUE),
( '461032000105', 'SD', 'CANISTOTA HIGH SCHOOL - 01' , TRUE,  TRUE),
( '172307006062', 'IL', 'LINCOLN WAY WEST' , TRUE,  TRUE),
( '69102109234', 'CA', 'WELLINGTON M. SMITH, JR.' , FALSE,  TRUE),
( '69105213710', 'CA', 'TIOGA COMMUNITY' , TRUE,  TRUE),
( '370120003154', 'NC', 'DUPLIN EARLY COLLEGE HIGH' , FALSE,  TRUE),
( '69106310762', 'CA', 'ELK CREEK' , FALSE,  TRUE),
( '390054405256', 'OH', 'P.A.C.E. HIGH SCHOOL' , FALSE,  TRUE),
( '01645547', 'VA', 'WESTOVER CHRISTIAN ACADEMY' , TRUE,  FALSE),
( '61443001699', 'CA', 'MONTA VISTA HIGH' , TRUE,  TRUE),
( '360012205980', 'NY', 'NORTH QUEENS COMMUNITY HIGH SCHOOL' , FALSE,  TRUE),
( '40625000589', 'AZ', 'SUNRISE MOUNTAIN HIGH SCHOOL' , TRUE,  TRUE),
( 'A9101894', 'FL', 'THE LITTLE COUNTRY SCHOOL' , TRUE,  FALSE),
( '291194000445', 'MO', 'MID-BUCHANAN SR. HIGH' , TRUE,  TRUE),
( 'A0302433', 'NC', 'VICTORY CHRISTIAN SCHOOL' , TRUE,  FALSE),
( '341170001182', 'NJ', 'NORTHERN BURLINGTON COUNTY REGIONAL HIGH SCHOOL' , TRUE,  TRUE),
( '390466802621', 'OH', 'TRI-VILLAGE HIGH SCHOOL' , TRUE,  TRUE),
( '210408001864', 'KY', 'MENIFEE CO. ACADEMY ALTERNATIVE SCHOOL' , FALSE,  TRUE),
( '00298434', 'GA', 'TRINITY CHRISTIAN SCHOOL' , TRUE,  FALSE),
( '60797005777', 'CA', 'CENTRAL HIGH EAST CAMPUS' , FALSE,  TRUE),
( '120147001473', 'FL', 'ST. CLOUD HIGH SCHOOL' , FALSE,  TRUE),
( '00940135', 'NY', 'EMMANUEL BAPTIST ACADEMY' , TRUE,  FALSE),
( '00331178', 'ID', 'GREENLEAF FRIENDS ACADEMY' , TRUE,  FALSE),
( '410801001284', 'OR', 'MCMINNVILLE HIGH SCHOOL' , TRUE,  TRUE),
( '00080982', 'CA', 'ARMY & NAVY ACADEMY' , TRUE,  FALSE),
( '261230001389', 'MI', 'RIVERSIDE ACADEMY' , FALSE,  TRUE),
( '360007806146', 'NY', 'GLOBAL LEARNING COLLABORATIVE (THE)' , FALSE,  TRUE),
( 'A0903543', 'TX', 'NEW FRONTIERS LIGHTHOUSE CHRIS' , TRUE,  FALSE),
( '240069001309', 'MD', 'PARKSIDE HIGH' , TRUE,  TRUE),
( '550717000783', 'WI', 'JOHNSON CREEK MIDDLE AND HIGH' , TRUE,  TRUE),
( '450069000012', 'SC', 'DIXIE HIGH' , FALSE,  TRUE),
( 'A9701131', 'FL', 'MEADOWBROOK ACADEMY' , TRUE,  FALSE),
( '363129004190', 'NY', 'WHITEHALL JUNIOR-SENIOR HIGH SCHOOL' , TRUE,  TRUE),
( '200354001868', 'KS', 'ATCHISON ALTERNATIVE SCHOOL' , FALSE,  TRUE),
( '00939979', 'NY', 'COLUMBIA GRAMMAR & PREPARATORY' , TRUE,  FALSE),
( '370261001094', 'NC', 'SOUTH LENOIR HIGH' , TRUE,  TRUE),
( '63459005736', 'CA', 'SAN JOS+¬ HIGH' , FALSE,  TRUE),
( '482001012192', 'TX', 'HERITAGE H S' , TRUE,  TRUE),
( '482566002871', 'TX', 'KILLEEN H S' , FALSE,  TRUE),
( '292064001108', 'MO', 'MEADVILLE HIGH' , TRUE,  TRUE),
( '350001100973', 'NM', 'AZTEC YOUTH ACADEMY' , FALSE,  TRUE),
( '530771002634', 'WA', 'EDUCATION SERVICE CENTERS' , TRUE,  TRUE),
( '00296506', 'GA', 'WINDSOR ACADEMY' , TRUE,  FALSE),
( '317752001650', 'NE', 'SUTTON SECONDARY SCHOOL' , TRUE,  TRUE),
( '340810005935', 'NJ', 'LACEY TOWNSHIP HIGH SCHOOL' , TRUE,  TRUE),
( '260627004247', 'MI', 'BLOOMINGDALE MIDDLE AND HIGH SCHOOL' , FALSE,  TRUE),
( '480020208505', 'TX', 'WINFREE ACADEMY CHARTER SCHOOL (RICHARDSON)' , FALSE,  TRUE),
( '551305001910', 'WI', 'RENAISSANCE CHARTER ACADEMY' , TRUE,  TRUE),
( '301359000411', 'MT', 'HAVRE HIGH SCHOOL' , TRUE,  TRUE),
( '10024001408', 'AL', 'AUTAUGAVILLE SCH' , FALSE,  TRUE),
( 'A0790011', 'AR', 'ARKANSAS BAPTIST SCHOOL SYSTEM' , TRUE,  FALSE),
( '171281005157', 'IL', 'DOLAN CTR MARYVILLE FARM CAMPUS' , FALSE,  TRUE);


CREATE TABLE college
(
	college_id varchar(20) PRIMARY KEY,
	is_public boolean NOT NULL,
	college_name varchar(120),
	college_state varchar(2) REFERENCES states (state_abbr) NOT NULL
);

INSERT INTO college VALUES 
( 138947, FALSE, 'Clark Atlanta University', 'GA'),
( 152798, FALSE, 'Allen College', 'IA'),
( 457174, FALSE, 'Remington College-Columbia Campus', 'SC'),
( 174136, TRUE, 'Minneapolis Community and Technical College', 'MN'),
( 125222, TRUE, 'West Valley Mission Community College District Office', 'CA'),
( 226152, TRUE, 'Texas A & M International University', 'TX'),
( 231873, TRUE, 'Dabney S Lancaster Community College', 'VA'),
( 237950, TRUE, 'West Virginia University Institute of Technology', 'WV'),
( 175263, TRUE, 'Minnesota State College-Southeast Technical', 'MN'),
( 188641, FALSE, 'Alfred University', 'NY'),
( 228529, TRUE, 'Tarleton State University', 'TX'),
( 444413, FALSE, 'Beis Medrash Heichal Dovid', 'NY'),
( 366447, TRUE, 'Altamaha Technical College', 'GA'),
( 418515, TRUE, 'Lenape Technical School Practical Nursing Program', 'PA'),
( 177542, FALSE, 'Hannibal-LaGrange University', 'MO'),
( 107983, TRUE, 'Southern Arkansas University Main Campus', 'AR'),
( 101143, TRUE, 'Enterprise State Community College', 'AL'),
( 140447, FALSE, 'Mercer University', 'GA'),
( 216597, FALSE, 'Villanova University', 'PA'),
( 418603, TRUE, 'Clarion County Career Center Practical Nursing Program', 'PA'),
( 202523, FALSE, 'Denison University', 'OH'),
( 146977, FALSE, 'McCormick Theological Seminary', 'IL'),
( 228158, TRUE, 'South Plains College', 'TX'),
( 214157, FALSE, 'Moravian College', 'PA'),
( 159948, FALSE, 'New Orleans Baptist Theological Seminary', 'LA'),
( 217475, TRUE, 'Community College of Rhode Island', 'RI'),
( 155052, TRUE, 'Flint Hills Technical College', 'KS'),
( 199582, FALSE, 'Saint Augustine University', 'NC'),
( 124487, FALSE, 'Epic Bible College', 'CA'),
( 221971, FALSE, 'Union University', 'TN'),
( 126012, FALSE, 'The Wright Institute', 'CA'),
( 230162, TRUE, 'Davis Applied Technology College', 'UT'),
( 439446, FALSE, 'Atlantic Institute of Oriental Medicine', 'FL'),
( 238616, FALSE, 'Concordia University-Wisconsin', 'WI'),
( 130493, TRUE, 'Southern Connecticut State University', 'CT'),
( 110608, TRUE, 'California State University-Northridge', 'CA'),
( 226019, TRUE, 'Kilgore College', 'TX'),
( 457484, FALSE, 'New Hope Christian College-Honolulu', 'HI'),
( 152363, FALSE, 'Saint Josephs College', 'IN'),
( 179867, FALSE, 'Washington University in St Louis', 'MO'),
( 190248, FALSE, 'Concordia College-New York', 'NY'),
( 119058, FALSE, 'Monterey Institute of International Studies', 'CA'),
( 231059, FALSE, 'Saint Michael College', 'VT'),
( 174792, FALSE, 'Saint Johns University', 'MN'),
( 451583, TRUE, 'Dixie Applied Technology College', 'UT'),
( 215628, FALSE, 'Reformed Presbyterian Theological Seminary', 'PA'),
( 440828, TRUE, 'Oregon State University-Cascades Campus', 'OR'),
( 417637, TRUE, 'South Central Career Center', 'MO'),
( 175652, TRUE, 'East Mississippi Community College', 'MS'),
( 166018, FALSE, 'Hampshire College', 'MA'),
( 228468, FALSE, 'Southwestern Adventist University', 'TX'),
( 172918, TRUE, 'Alexandria Technical & Community College', 'MN'),
( 155292, TRUE, 'Kansas City Kansas Community College', 'KS'),
( 172954, TRUE, 'Anoka Technical College', 'MN'),
( 439613, FALSE, 'Crossroads Bible College', 'IN'),
( 228866, FALSE, 'Texas Chiropractic College Foundation Inc', 'TX'),
( 207342, TRUE, 'University of Oklahoma-Health Sciences Center', 'OK'),
( 221388, TRUE, 'Tennessee College of Applied Technology-Ripley', 'TN'),
( 448248, TRUE, 'Mountainland Applied Technology College', 'UT'),
( 153384, FALSE, 'Grinnell College', 'IA'),
( 124113, TRUE, 'Taft College', 'CA'),
( 442392, FALSE, 'Antioch University-PhD Program in Leadership and Change', 'OH'),
( 204477, TRUE, 'Northeast Ohio Medical University', 'OH'),
( 153296, TRUE, 'Ellsworth Community College', 'IA'),
( 161341, TRUE, 'University of Maine at Presque Isle', 'ME'),
( 214564, FALSE, 'Salus University', 'PA'),
( 236577, FALSE, 'Seattle Pacific University', 'WA'),
( 234377, TRUE, 'Wytheville Community College', 'VA'),
( 217615, TRUE, 'Aiken Technical College', 'SC'),
( 224350, TRUE, 'Del Mar College', 'TX'),
( 228316, TRUE, 'Southwest Texas Junior College', 'TX'),
( 224271, FALSE, 'Dallas Institute of Funeral Service', 'TX'),
( 439817, FALSE, 'Northeastern Seminary', 'NY'),
( 179812, FALSE, 'Kansas City University of Medicine and Biosciences', 'MO'),
( 461306, TRUE, 'D A Dorsey Educational Center', 'FL'),
( 166407, FALSE, 'Lawrence Memorial Hospital School of Nursing', 'MA'),
( 448886, TRUE, 'Arizona State University-Downtown Phoenix', 'AZ'),
( 234951, TRUE, 'Clover Park Technical College', 'WA'),
( 110246, TRUE, 'Butte College', 'CA'),
( 417992, TRUE, 'Orange Ulster BOCES-Practical Nursing Program', 'NY'),
( 201140, FALSE, 'Athenaeum of Ohio', 'OH'),
( 113096, TRUE, 'Cosumnes River College', 'CA'),
( 149329, FALSE, 'Telshe Yeshiva-Chicago', 'IL'),
( 171881, FALSE, 'Kuyper College', 'MI'),
( 248624, TRUE, 'Fayette County Career & Technical Institute Practical Nursing Program', 'PA'),
( 179043, FALSE, 'Rockhurst University', 'MO'),
( 363165, TRUE, 'Metro Technology Centers', 'OK'),
( 199731, TRUE, 'Southwestern Community College', 'NC'),
( 217925, FALSE, 'Columbia International University', 'SC'),
( 216463, FALSE, 'Trinity Episcopal School for Ministry', 'PA'),
( 232609, FALSE, 'Lynchburg College', 'VA'),
( 175810, TRUE, 'Holmes Community College', 'MS'),
( 444398, FALSE, 'Baptist University of the Americas', 'TX'),
( 198251, TRUE, 'Central Carolina Community College', 'NC'),
( 129756, TRUE, 'Middlesex Community College', 'CT'),
( 176354, TRUE, 'Southwest Mississippi Community College', 'MS'),
( 155210, TRUE, 'Johnson County Community College', 'KS'),
( 168546, FALSE, 'Albion College', 'MI');



CREATE TABLE student
(
	ssn numeric(9,0) PRIMARY KEY,
	name varchar(120) NOT NULL,
	street varchar(120) NOT NULL,
	city varchar(120) NOT NULL,
	res_state varchar(2) REFERENCES states (state_abbr) NOT NULL,
	sex varchar(10),
	us_citizen boolean,
	dob date NOT NULL,
	ethnicity varchar(25) REFERENCES ethnicity (ethnicity),
	college_major integer references majors (major_id),
	college varchar(20) references college (college_id) not null,
	college_gpa double precision,
	academic_probation boolean,
	high_school varchar(20) references high_school (school_id) not null,
	hs_grad_year integer,
	hs_gpa double precision,
	hs_class_rank integer
);

insert into student values 
('123456789', 'John Harper', '2820 Pine St', 'Seattle', 'WA', 'MALE', TRUE, '1993-11-10', 'ENGLISH', 14, '236577', 3.1, FALSE, '01464163', 2011, 3.0, 140),
('234567891', 'Janet Diedrich', '4225 Williams Ave', 'Fleming Island', 'FL', 'FEMALE', TRUE, '1994-03-15', 'GERMAN', 5, '461306', 3.5, FALSE, 'A9101894', 2012, 2.9, 170),
('345678912', 'Jasmel Patel', '23 Race St', 'Philadelphia', 'PA', 'MALE', FALSE, '1992-07-03', 'INDIAN', 7, '216597', 2.9, FALSE, '340693000512', 2010, 3.2, 120),
('456789123', 'Marcel Nehls', '114 Flower St', 'Austin', 'TX', 'MALE', TRUE, '1990-04-12', 'BRAZILIAN', 3, '439817', 3.9, FALSE, 'A0903543', 2008, 4.0, 1),
('567891234', 'Marian Costa', '180 Raymond Dr', 'Sewell', 'NJ', 'FEMALE', TRUE, '1993-12-12', 'ITALIAN', 2, '214564', 2.6, FALSE, '340693000512', 2011, 2.5, 200),
('678912345', 'Dennis Ren', 'PO Box 670', 'Toledo', 'OH', 'MALE', TRUE, '1991-02-07', 'JAPANESE', 7, '155052', 1.9, TRUE, '390466802621', 2009, 2.2, 140),
('789123456', 'Elaine Price', '21 Hartford Ln', 'Denver', 'CO', NULL, TRUE, '1993-04-04', 'KENYAN', 8, '110608', 3.6, FALSE, 'A9101527', 2011, 3.1, 202),
('891234567', 'Taylor Flynn', '1888 Columbia Blvd', 'Anaheim', 'CA', NULL, TRUE, '1989-09-07', NULL, 12, '110608', 3.4, FALSE, '61443001699', 2007, 2.8, 250),
('912345678', 'Phillip Osterly', '12 Crestview Ct', 'Augusta', 'ME', 'MALE', TRUE, '1994-08-01', 'GERMAN', NULL, '161341', NULL, NULL, '00940135', NULL, NULL, NULL),
('120934879', 'Cindi DeJesus', '412 Clarion St Apt B', 'Minneapolis', 'MN', 'FEMALE', TRUE, '1997-06-11', 'HISPANIC', 4, '175263', 2.7, NULL, '270028703631', NULL, 2.7, NULL),
('330833737','Jacelyn Winner','123 Main Street','Boston','MA', 'FEMALE', TRUE, '1997-03-13','ENGLISH',5,'172918',2.8, NULL,'69102109234',2017,3.3,1),
('427156482','Giovanni Lemelle','123 Main Street','Lansing','MI', 'FEMALE', TRUE, '1997-04-14','GERMAN',9,'155292',2.9, NULL,'69105213710',2017,2.9,3),
('370437320','Terra Hennis','123 Main Street','St. Paul','MN', 'FEMALE', TRUE, '1997-05-15','KENYAN',9,'172954',3, NULL,'370120003154',2017,3,5),
('650054754','Andrea Pigott','123 Main Street','Jackson','MS', 'FEMALE', TRUE, '1997-06-16','JAPANESE',2,'439613',3.1, NULL,'69106310762',2017,3.1,7),
('956834882','Wilburn Ballantine','123 Main Street','Titusville','MO', 'FEMALE',FALSE, '1997-07-17','HISPANIC',10,'228866',3.2, NULL,'390054405256',2017,3.2,9),
('232507520','Arden Rahim','123 Main Street','Billings','MT', 'FEMALE', TRUE, '1997-08-18','ITALIAN',10,'207342',3.3, NULL,'01645547',2017,3.3,2),
('609983125','Martin Kutcher','123 Main Street','Omaha','NE', 'FEMALE', TRUE, '1997-06-11','THAI',3,'221388',3.4, NULL,'61443001699',2017,3.4,4),
('831977780','Contessa Murchison','123 Main Street','Reno','NV', 'FEMALE', TRUE, '1997-03-13','INDIAN',8,'448248',3.5, NULL,'360012205980',2017,3.5,6),
('219879754','Christeen Peoples','123 Main Street','Montpelier','NH', 'FEMALE', TRUE, '1997-04-14','BRAZILIAN',5,'153384',3.6, NULL,'40625000589',2017,3.6,8),
('752133973','Lorelei Beaubien','123 Main Street','Cherry Hill','NJ', 'FEMALE',FALSE, '1997-05-15','ENGLISH',12,'124113',3.7, NULL,'A9101894',2017,3.7,1),
('168977473','Denise Stemm','123 Main Street','Santa Fe','NM', 'FEMALE', TRUE, '1997-06-16','GERMAN',11,'442392',3.8, NULL,'291194000445',2017,3.8,3),
('765492920','Laura Groh','123 Main Street','Cortland','NY', 'FEMALE', TRUE, '1997-07-17','KENYAN',6,'204477',3.9, NULL,'A0302433',2017,3.9,5),
('462516211','Sheri Channel','123 Main Street','Raleigh','NC', 'MALE', TRUE, '1997-06-11','JAPANESE',7,'153296',2.7, NULL,'341170001182',2017,2.7,7),
('244698730','Pasquale Geyer','123 Main Street','Bismarck','ND', 'MALE', TRUE, '1997-03-13','HISPANIC',4,'161341',2.8, NULL,'390466802621',2017,2.8,9),
('345765229','Jacklyn Poor','123 Main Street','Canton','OH', 'MALE', TRUE, '1997-04-14','ITALIAN',13,'214564',2.9, NULL,'210408001864',2017,2.9,2),
('959038192','Betsy Rowen','123 Main Street','Anytown','OK', 'MALE',FALSE, '1997-05-15','THAI',14,'236577',3, NULL,'00298434',2017,3,4),
('466219743','Liza Mullan','123 Main Street','Portland','OR', 'MALE', TRUE, '1997-06-16','INDIAN',6,'234377',3.1, NULL,'60797005777',2017,3.1,6),
('802094227','Dianne Dowling','123 Main Street','Providence','RI', 'MALE', TRUE, '1997-08-18','ENGLISH',9,'224350',3.3, NULL,'00940135',2017,2.7,1);


create table scholarship_applications (
	is_awarded boolean,
	short_essay text NOT NULL,
	reference_name varchar(120),
	reference_email varchar(120),
	reference_type varchar(30), --should limit to academic, personal, and professional
	reference_verified boolean,
	application_date date not null,
	applicant numeric(9,0) references student (ssn) not null,
	scholarship integer references scholarship (sco_id) not null,
	primary key (applicant, scholarship)
);

INSERT INTO scholarship_applications values
(TRUE, 'Lorem ipsum dolor sit amet,  consectetur adipiscing elit. Integer nec odio. Praesent libero. Sed cursus ante dapibus diam. Sed nisi. Nulla quis sem at nibh elementum imperdiet. Duis sagittis ipsum. Praesent mauris. Fusce nec tellus sed augue semper porta. Mauris massa. Vestibulum lacinia arcu eget nulla. Class aptent taciti sociosq.', 'Bob Barker', 'bob.barker@priceisright.biz', 'professional', TRUE, '2016-08-18', '120934879', 10),
(NULL, 'Lorem ipsum dolor sit amet,  consectetur adipiscing elit. Integer nec odio. Praesent libero. Sed cursus ante dapibus diam. Sed nisi. Nulla quis sem at nibh elementum imperdiet. Duis sagittis ipsum. Praesent mauris. Fusce nec tellus sed augue semper porta. Mauris massa. Vestibulum lacinia arcu eget nulla. Class aptent taciti sociosq.', 'Bob Barker', 'bob.barker@priceisright.biz', 'academic', TRUE, '2016-08-18', '330833737', 15),
(NULL, 'Lorem ipsum dolor sit amet,  consectetur adipiscing elit. Integer nec odio. Praesent libero. Sed cursus ante dapibus diam. Sed nisi. Nulla quis sem at nibh elementum imperdiet. Duis sagittis ipsum. Praesent mauris. Fusce nec tellus sed augue semper porta. Mauris massa. Vestibulum lacinia arcu eget nulla. Class aptent taciti sociosq.', 'Bob Barker', 'bob.barker@priceisright.biz', 'professional', FALSE, '2016-08-18', '427156482', 6),
(NULL, 'Lorem ipsum dolor sit amet,  consectetur adipiscing elit. Integer nec odio. Praesent libero. Sed cursus ante dapibus diam. Sed nisi. Nulla quis sem at nibh elementum imperdiet. Duis sagittis ipsum. Praesent mauris. Fusce nec tellus sed augue semper porta. Mauris massa. Vestibulum lacinia arcu eget nulla. Class aptent taciti sociosq.', 'Bob Barker', 'bob.barker@priceisright.biz', 'academic', FALSE, '2016-08-18', '370437320', 5),
(TRUE, 'Lorem ipsum dolor sit amet,  consectetur adipiscing elit. Integer nec odio. Praesent libero. Sed cursus ante dapibus diam. Sed nisi. Nulla quis sem at nibh elementum imperdiet. Duis sagittis ipsum. Praesent mauris. Fusce nec tellus sed augue semper porta. Mauris massa. Vestibulum lacinia arcu eget nulla. Class aptent taciti sociosq.', 'Bob Barker', 'bob.barker@priceisright.biz', 'professional', TRUE, '2016-08-18', '650054754', 13),
(TRUE, 'Lorem ipsum dolor sit amet,  consectetur adipiscing elit. Integer nec odio. Praesent libero. Sed cursus ante dapibus diam. Sed nisi. Nulla quis sem at nibh elementum imperdiet. Duis sagittis ipsum. Praesent mauris. Fusce nec tellus sed augue semper porta. Mauris massa. Vestibulum lacinia arcu eget nulla. Class aptent taciti sociosq.', 'Bob Barker', 'bob.barker@priceisright.biz', 'academic', TRUE, '2016-08-18', '956834882', 4),
(TRUE, 'Lorem ipsum dolor sit amet,  consectetur adipiscing elit. Integer nec odio. Praesent libero. Sed cursus ante dapibus diam. Sed nisi. Nulla quis sem at nibh elementum imperdiet. Duis sagittis ipsum. Praesent mauris. Fusce nec tellus sed augue semper porta. Mauris massa. Vestibulum lacinia arcu eget nulla. Class aptent taciti sociosq.', 'Bob Barker', 'bob.barker@priceisright.biz', 'professional', FALSE, '2016-08-18', '232507520', 14),
(TRUE, 'Lorem ipsum dolor sit amet,  consectetur adipiscing elit. Integer nec odio. Praesent libero. Sed cursus ante dapibus diam. Sed nisi. Nulla quis sem at nibh elementum imperdiet. Duis sagittis ipsum. Praesent mauris. Fusce nec tellus sed augue semper porta. Mauris massa. Vestibulum lacinia arcu eget nulla. Class aptent taciti sociosq.', 'Bob Barker', 'bob.barker@priceisright.biz', 'academic', FALSE, '2016-08-18', '609983125', 2),
(NULL, 'Lorem ipsum dolor sit amet,  consectetur adipiscing elit. Integer nec odio. Praesent libero. Sed cursus ante dapibus diam. Sed nisi. Nulla quis sem at nibh elementum imperdiet. Duis sagittis ipsum. Praesent mauris. Fusce nec tellus sed augue semper porta. Mauris massa. Vestibulum lacinia arcu eget nulla. Class aptent taciti sociosq.', 'Bob Barker', 'bob.barker@priceisright.biz', 'professional', TRUE, '2016-08-18', '831977780', 4),
(NULL, 'Lorem ipsum dolor sit amet,  consectetur adipiscing elit. Integer nec odio. Praesent libero. Sed cursus ante dapibus diam. Sed nisi. Nulla quis sem at nibh elementum imperdiet. Duis sagittis ipsum. Praesent mauris. Fusce nec tellus sed augue semper porta. Mauris massa. Vestibulum lacinia arcu eget nulla. Class aptent taciti sociosq.', 'Bob Barker', 'bob.barker@priceisright.biz', 'academic', TRUE, '2016-08-18', '219879754', 14),
(NULL, 'Lorem ipsum dolor sit amet,  consectetur adipiscing elit. Integer nec odio. Praesent libero. Sed cursus ante dapibus diam. Sed nisi. Nulla quis sem at nibh elementum imperdiet. Duis sagittis ipsum. Praesent mauris. Fusce nec tellus sed augue semper porta. Mauris massa. Vestibulum lacinia arcu eget nulla. Class aptent taciti sociosq.', 'Bob Barker', 'bob.barker@priceisright.biz', 'professional', FALSE, '2016-08-18', '752133973', 5),
(NULL, 'Lorem ipsum dolor sit amet,  consectetur adipiscing elit. Integer nec odio. Praesent libero. Sed cursus ante dapibus diam. Sed nisi. Nulla quis sem at nibh elementum imperdiet. Duis sagittis ipsum. Praesent mauris. Fusce nec tellus sed augue semper porta. Mauris massa. Vestibulum lacinia arcu eget nulla. Class aptent taciti sociosq.', 'Bob Barker', 'bob.barker@priceisright.biz', 'academic', FALSE, '2016-08-18', '168977473', 4),
(TRUE, 'Lorem ipsum dolor sit amet,  consectetur adipiscing elit. Integer nec odio. Praesent libero. Sed cursus ante dapibus diam. Sed nisi. Nulla quis sem at nibh elementum imperdiet. Duis sagittis ipsum. Praesent mauris. Fusce nec tellus sed augue semper porta. Mauris massa. Vestibulum lacinia arcu eget nulla. Class aptent taciti sociosq.', 'Bob Barker', 'bob.barker@priceisright.biz', 'professional', TRUE, '2016-08-18', '765492920', 3),
(NULL, 'Lorem ipsum dolor sit amet,  consectetur adipiscing elit. Integer nec odio. Praesent libero. Sed cursus ante dapibus diam. Sed nisi. Nulla quis sem at nibh elementum imperdiet. Duis sagittis ipsum. Praesent mauris. Fusce nec tellus sed augue semper porta. Mauris massa. Vestibulum lacinia arcu eget nulla. Class aptent taciti sociosq.', 'Bob Barker', 'bob.barker@priceisright.biz', 'academic', TRUE, '2016-08-18', '462516211', 5),
(TRUE, 'Lorem ipsum dolor sit amet,  consectetur adipiscing elit. Integer nec odio. Praesent libero. Sed cursus ante dapibus diam. Sed nisi. Nulla quis sem at nibh elementum imperdiet. Duis sagittis ipsum. Praesent mauris. Fusce nec tellus sed augue semper porta. Mauris massa. Vestibulum lacinia arcu eget nulla. Class aptent taciti sociosq.', 'Bob Barker', 'bob.barker@priceisright.biz', 'professional', FALSE, '2016-08-18', '244698730', 14),
(TRUE, 'Lorem ipsum dolor sit amet,  consectetur adipiscing elit. Integer nec odio. Praesent libero. Sed cursus ante dapibus diam. Sed nisi. Nulla quis sem at nibh elementum imperdiet. Duis sagittis ipsum. Praesent mauris. Fusce nec tellus sed augue semper porta. Mauris massa. Vestibulum lacinia arcu eget nulla. Class aptent taciti sociosq.', 'Bob Barker', 'bob.barker@priceisright.biz', 'academic', FALSE, '2016-08-18', '345765229', 15),
(TRUE, 'Lorem ipsum dolor sit amet,  consectetur adipiscing elit. Integer nec odio. Praesent libero. Sed cursus ante dapibus diam. Sed nisi. Nulla quis sem at nibh elementum imperdiet. Duis sagittis ipsum. Praesent mauris. Fusce nec tellus sed augue semper porta. Mauris massa. Vestibulum lacinia arcu eget nulla. Class aptent taciti sociosq.', 'Bob Barker', 'bob.barker@priceisright.biz', 'professional', TRUE, '2016-08-18', '959038192', 10),
(NULL, 'Lorem ipsum dolor sit amet,  consectetur adipiscing elit. Integer nec odio. Praesent libero. Sed cursus ante dapibus diam. Sed nisi. Nulla quis sem at nibh elementum imperdiet. Duis sagittis ipsum. Praesent mauris. Fusce nec tellus sed augue semper porta. Mauris massa. Vestibulum lacinia arcu eget nulla. Class aptent taciti sociosq.', 'Bob Barker', 'bob.barker@priceisright.biz', 'academic', TRUE, '2016-08-18', '466219743', 7),
(TRUE, 'Lorem ipsum dolor sit amet,  consectetur adipiscing elit. Integer nec odio. Praesent libero. Sed cursus ante dapibus diam. Sed nisi. Nulla quis sem at nibh elementum imperdiet. Duis sagittis ipsum. Praesent mauris. Fusce nec tellus sed augue semper porta. Mauris massa. Vestibulum lacinia arcu eget nulla. Class aptent taciti sociosq.', 'Bob Barker', 'bob.barker@priceisright.biz', 'academic', FALSE, '2016-08-18', '802094227', 6),
(NULL, 'Lorem ipsum dolor sit amet,  consectetur adipiscing elit. Integer nec odio. Praesent libero. Sed cursus ante dapibus diam. Sed nisi. Nulla quis sem at nibh elementum imperdiet. Duis sagittis ipsum. Praesent mauris. Fusce nec tellus sed augue semper porta. Mauris massa. Vestibulum lacinia arcu eget nulla. Class aptent taciti sociosq.', 'Bob Barker', 'bob.barker@priceisright.biz', 'professional', TRUE, '2016-08-18', '123456789', 2),
(NULL, 'Lorem ipsum dolor sit amet,  consectetur adipiscing elit. Integer nec odio. Praesent libero. Sed cursus ante dapibus diam. Sed nisi. Nulla quis sem at nibh elementum imperdiet. Duis sagittis ipsum. Praesent mauris. Fusce nec tellus sed augue semper porta. Mauris massa. Vestibulum lacinia arcu eget nulla. Class aptent taciti sociosq.', 'Bob Barker', 'bob.barker@priceisright.biz', 'academic', TRUE, '2016-08-18', '234567891', 3),
(TRUE, 'Lorem ipsum dolor sit amet,  consectetur adipiscing elit. Integer nec odio. Praesent libero. Sed cursus ante dapibus diam. Sed nisi. Nulla quis sem at nibh elementum imperdiet. Duis sagittis ipsum. Praesent mauris. Fusce nec tellus sed augue semper porta. Mauris massa. Vestibulum lacinia arcu eget nulla. Class aptent taciti sociosq.', 'Bob Barker', 'bob.barker@priceisright.biz', 'professional', FALSE, '2016-08-18', '345678912', 12),
(NULL, 'Lorem ipsum dolor sit amet,  consectetur adipiscing elit. Integer nec odio. Praesent libero. Sed cursus ante dapibus diam. Sed nisi. Nulla quis sem at nibh elementum imperdiet. Duis sagittis ipsum. Praesent mauris. Fusce nec tellus sed augue semper porta. Mauris massa. Vestibulum lacinia arcu eget nulla. Class aptent taciti sociosq.', 'Bob Barker', 'bob.barker@priceisright.biz', 'academic', FALSE, '2016-08-18', '456789123', 3),
(NULL, 'Lorem ipsum dolor sit amet,  consectetur adipiscing elit. Integer nec odio. Praesent libero. Sed cursus ante dapibus diam. Sed nisi. Nulla quis sem at nibh elementum imperdiet. Duis sagittis ipsum. Praesent mauris. Fusce nec tellus sed augue semper porta. Mauris massa. Vestibulum lacinia arcu eget nulla. Class aptent taciti sociosq.', 'Bob Barker', 'bob.barker@priceisright.biz', 'professional', TRUE, '2016-08-18', '567891234', 2),
(NULL, 'Lorem ipsum dolor sit amet,  consectetur adipiscing elit. Integer nec odio. Praesent libero. Sed cursus ante dapibus diam. Sed nisi. Nulla quis sem at nibh elementum imperdiet. Duis sagittis ipsum. Praesent mauris. Fusce nec tellus sed augue semper porta. Mauris massa. Vestibulum lacinia arcu eget nulla. Class aptent taciti sociosq.', 'Bob Barker', 'bob.barker@priceisright.biz', 'academic', TRUE, '2016-08-18', '678912345', 3),
(NULL, 'Lorem ipsum dolor sit amet,  consectetur adipiscing elit. Integer nec odio. Praesent libero. Sed cursus ante dapibus diam. Sed nisi. Nulla quis sem at nibh elementum imperdiet. Duis sagittis ipsum. Praesent mauris. Fusce nec tellus sed augue semper porta. Mauris massa. Vestibulum lacinia arcu eget nulla. Class aptent taciti sociosq.', 'Bob Barker', 'bob.barker@priceisright.biz', 'professional', FALSE, '2016-08-18', '789123456', 13),
(TRUE, 'Lorem ipsum dolor sit amet,  consectetur adipiscing elit. Integer nec odio. Praesent libero. Sed cursus ante dapibus diam. Sed nisi. Nulla quis sem at nibh elementum imperdiet. Duis sagittis ipsum. Praesent mauris. Fusce nec tellus sed augue semper porta. Mauris massa. Vestibulum lacinia arcu eget nulla. Class aptent taciti sociosq.', 'Bob Barker', 'bob.barker@priceisright.biz', 'academic', FALSE, '2016-08-18', '891234567', 6),
(NULL, 'Lorem ipsum dolor sit amet,  consectetur adipiscing elit. Integer nec odio. Praesent libero. Sed cursus ante dapibus diam. Sed nisi. Nulla quis sem at nibh elementum imperdiet. Duis sagittis ipsum. Praesent mauris. Fusce nec tellus sed augue semper porta. Mauris massa. Vestibulum lacinia arcu eget nulla. Class aptent taciti sociosq.', 'Bob Barker', 'bob.barker@priceisright.biz', 'professional', TRUE, '2016-08-18', '912345678', 14),
(TRUE, 'Lorem ipsum dolor sit amet,  consectetur adipiscing elit. Integer nec odio. Praesent libero. Sed cursus ante dapibus diam. Sed nisi. Nulla quis sem at nibh elementum imperdiet. Duis sagittis ipsum. Praesent mauris. Fusce nec tellus sed augue semper porta. Mauris massa. Vestibulum lacinia arcu eget nulla. Class aptent taciti sociosq.', 'Bob Barker', 'bob.barker@priceisright.biz', 'academic', TRUE, '2016-08-18', '120934879', 13),
(NULL, 'Lorem ipsum dolor sit amet,  consectetur adipiscing elit. Integer nec odio. Praesent libero. Sed cursus ante dapibus diam. Sed nisi. Nulla quis sem at nibh elementum imperdiet. Duis sagittis ipsum. Praesent mauris. Fusce nec tellus sed augue semper porta. Mauris massa. Vestibulum lacinia arcu eget nulla. Class aptent taciti sociosq.', 'Bob Barker', 'bob.barker@priceisright.biz', 'professional', FALSE, '2016-08-18', '330833737', 13),
(NULL, 'Lorem ipsum dolor sit amet,  consectetur adipiscing elit. Integer nec odio. Praesent libero. Sed cursus ante dapibus diam. Sed nisi. Nulla quis sem at nibh elementum imperdiet. Duis sagittis ipsum. Praesent mauris. Fusce nec tellus sed augue semper porta. Mauris massa. Vestibulum lacinia arcu eget nulla. Class aptent taciti sociosq.', 'Bob Barker', 'bob.barker@priceisright.biz', 'academic', FALSE, '2016-08-18', '427156482', 5),
(NULL, 'Lorem ipsum dolor sit amet,  consectetur adipiscing elit. Integer nec odio. Praesent libero. Sed cursus ante dapibus diam. Sed nisi. Nulla quis sem at nibh elementum imperdiet. Duis sagittis ipsum. Praesent mauris. Fusce nec tellus sed augue semper porta. Mauris massa. Vestibulum lacinia arcu eget nulla. Class aptent taciti sociosq.', 'Bob Barker', 'bob.barker@priceisright.biz', 'professional', TRUE, '2016-08-18', '370437320', 15),
(NULL, 'Lorem ipsum dolor sit amet,  consectetur adipiscing elit. Integer nec odio. Praesent libero. Sed cursus ante dapibus diam. Sed nisi. Nulla quis sem at nibh elementum imperdiet. Duis sagittis ipsum. Praesent mauris. Fusce nec tellus sed augue semper porta. Mauris massa. Vestibulum lacinia arcu eget nulla. Class aptent taciti sociosq.', 'Bob Barker', 'bob.barker@priceisright.biz', 'academic', TRUE, '2016-08-18', '650054754', 11),
(TRUE, 'Lorem ipsum dolor sit amet,  consectetur adipiscing elit. Integer nec odio. Praesent libero. Sed cursus ante dapibus diam. Sed nisi. Nulla quis sem at nibh elementum imperdiet. Duis sagittis ipsum. Praesent mauris. Fusce nec tellus sed augue semper porta. Mauris massa. Vestibulum lacinia arcu eget nulla. Class aptent taciti sociosq.', 'Bob Barker', 'bob.barker@priceisright.biz', 'professional', FALSE, '2016-08-18', '956834882', 9),
(TRUE, 'Lorem ipsum dolor sit amet,  consectetur adipiscing elit. Integer nec odio. Praesent libero. Sed cursus ante dapibus diam. Sed nisi. Nulla quis sem at nibh elementum imperdiet. Duis sagittis ipsum. Praesent mauris. Fusce nec tellus sed augue semper porta. Mauris massa. Vestibulum lacinia arcu eget nulla. Class aptent taciti sociosq.', 'Bob Barker', 'bob.barker@priceisright.biz', 'academic', FALSE, '2016-08-18', '232507520', 15),
(NULL, 'Lorem ipsum dolor sit amet,  consectetur adipiscing elit. Integer nec odio. Praesent libero. Sed cursus ante dapibus diam. Sed nisi. Nulla quis sem at nibh elementum imperdiet. Duis sagittis ipsum. Praesent mauris. Fusce nec tellus sed augue semper porta. Mauris massa. Vestibulum lacinia arcu eget nulla. Class aptent taciti sociosq.', 'Bob Barker', 'bob.barker@priceisright.biz', 'professional', TRUE, '2016-08-18', '609983125', 1),
(TRUE, 'Lorem ipsum dolor sit amet,  consectetur adipiscing elit. Integer nec odio. Praesent libero. Sed cursus ante dapibus diam. Sed nisi. Nulla quis sem at nibh elementum imperdiet. Duis sagittis ipsum. Praesent mauris. Fusce nec tellus sed augue semper porta. Mauris massa. Vestibulum lacinia arcu eget nulla. Class aptent taciti sociosq.', 'Bob Barker', 'bob.barker@priceisright.biz', 'academic', TRUE, '2016-08-18', '831977780', 6),
(NULL, 'Lorem ipsum dolor sit amet,  consectetur adipiscing elit. Integer nec odio. Praesent libero. Sed cursus ante dapibus diam. Sed nisi. Nulla quis sem at nibh elementum imperdiet. Duis sagittis ipsum. Praesent mauris. Fusce nec tellus sed augue semper porta. Mauris massa. Vestibulum lacinia arcu eget nulla. Class aptent taciti sociosq.', 'Bob Barker', 'bob.barker@priceisright.biz', 'professional', FALSE, '2016-08-18', '219879754', 8),
(NULL, 'Lorem ipsum dolor sit amet,  consectetur adipiscing elit. Integer nec odio. Praesent libero. Sed cursus ante dapibus diam. Sed nisi. Nulla quis sem at nibh elementum imperdiet. Duis sagittis ipsum. Praesent mauris. Fusce nec tellus sed augue semper porta. Mauris massa. Vestibulum lacinia arcu eget nulla. Class aptent taciti sociosq.', 'Bob Barker', 'bob.barker@priceisright.biz', 'academic', FALSE, '2016-08-18', '752133973', 6),
(TRUE, 'Lorem ipsum dolor sit amet,  consectetur adipiscing elit. Integer nec odio. Praesent libero. Sed cursus ante dapibus diam. Sed nisi. Nulla quis sem at nibh elementum imperdiet. Duis sagittis ipsum. Praesent mauris. Fusce nec tellus sed augue semper porta. Mauris massa. Vestibulum lacinia arcu eget nulla. Class aptent taciti sociosq.', 'Bob Barker', 'bob.barker@priceisright.biz', 'professional', TRUE, '2016-08-18', '168977473', 15),
(TRUE, 'Lorem ipsum dolor sit amet,  consectetur adipiscing elit. Integer nec odio. Praesent libero. Sed cursus ante dapibus diam. Sed nisi. Nulla quis sem at nibh elementum imperdiet. Duis sagittis ipsum. Praesent mauris. Fusce nec tellus sed augue semper porta. Mauris massa. Vestibulum lacinia arcu eget nulla. Class aptent taciti sociosq.', 'Bob Barker', 'bob.barker@priceisright.biz', 'academic', TRUE, '2016-08-18', '765492920', 12),
(NULL, 'Lorem ipsum dolor sit amet,  consectetur adipiscing elit. Integer nec odio. Praesent libero. Sed cursus ante dapibus diam. Sed nisi. Nulla quis sem at nibh elementum imperdiet. Duis sagittis ipsum. Praesent mauris. Fusce nec tellus sed augue semper porta. Mauris massa. Vestibulum lacinia arcu eget nulla. Class aptent taciti sociosq.', 'Bob Barker', 'bob.barker@priceisright.biz', 'professional', FALSE, '2016-08-18', '462516211', 4),
(TRUE, 'Lorem ipsum dolor sit amet,  consectetur adipiscing elit. Integer nec odio. Praesent libero. Sed cursus ante dapibus diam. Sed nisi. Nulla quis sem at nibh elementum imperdiet. Duis sagittis ipsum. Praesent mauris. Fusce nec tellus sed augue semper porta. Mauris massa. Vestibulum lacinia arcu eget nulla. Class aptent taciti sociosq.', 'Bob Barker', 'bob.barker@priceisright.biz', 'academic', FALSE, '2016-08-18', '244698730', 5),
(NULL, 'Lorem ipsum dolor sit amet,  consectetur adipiscing elit. Integer nec odio. Praesent libero. Sed cursus ante dapibus diam. Sed nisi. Nulla quis sem at nibh elementum imperdiet. Duis sagittis ipsum. Praesent mauris. Fusce nec tellus sed augue semper porta. Mauris massa. Vestibulum lacinia arcu eget nulla. Class aptent taciti sociosq.', 'Bob Barker', 'bob.barker@priceisright.biz', 'professional', TRUE, '2016-08-18', '345765229', 1),
(NULL, 'Lorem ipsum dolor sit amet,  consectetur adipiscing elit. Integer nec odio. Praesent libero. Sed cursus ante dapibus diam. Sed nisi. Nulla quis sem at nibh elementum imperdiet. Duis sagittis ipsum. Praesent mauris. Fusce nec tellus sed augue semper porta. Mauris massa. Vestibulum lacinia arcu eget nulla. Class aptent taciti sociosq.', 'Bob Barker', 'bob.barker@priceisright.biz', 'academic', TRUE, '2016-08-18', '959038192', 4),
(NULL, 'Lorem ipsum dolor sit amet,  consectetur adipiscing elit. Integer nec odio. Praesent libero. Sed cursus ante dapibus diam. Sed nisi. Nulla quis sem at nibh elementum imperdiet. Duis sagittis ipsum. Praesent mauris. Fusce nec tellus sed augue semper porta. Mauris massa. Vestibulum lacinia arcu eget nulla. Class aptent taciti sociosq.', 'Bob Barker', 'bob.barker@priceisright.biz', 'professional', FALSE, '2016-08-18', '466219743', 9),
(NULL, 'Lorem ipsum dolor sit amet,  consectetur adipiscing elit. Integer nec odio. Praesent libero. Sed cursus ante dapibus diam. Sed nisi. Nulla quis sem at nibh elementum imperdiet. Duis sagittis ipsum. Praesent mauris. Fusce nec tellus sed augue semper porta. Mauris massa. Vestibulum lacinia arcu eget nulla. Class aptent taciti sociosq.', 'Bob Barker', 'bob.barker@priceisright.biz', 'professional', TRUE, '2016-08-18', '802094227', 5),
(NULL, 'Lorem ipsum dolor sit amet,  consectetur adipiscing elit. Integer nec odio. Praesent libero. Sed cursus ante dapibus diam. Sed nisi. Nulla quis sem at nibh elementum imperdiet. Duis sagittis ipsum. Praesent mauris. Fusce nec tellus sed augue semper porta. Mauris massa. Vestibulum lacinia arcu eget nulla. Class aptent taciti sociosq.', 'Bob Barker', 'bob.barker@priceisright.biz', 'academic', TRUE, '2016-08-18', '345765229', 13),
(NULL, 'Lorem ipsum dolor sit amet,  consectetur adipiscing elit. Integer nec odio. Praesent libero. Sed cursus ante dapibus diam. Sed nisi. Nulla quis sem at nibh elementum imperdiet. Duis sagittis ipsum. Praesent mauris. Fusce nec tellus sed augue semper porta. Mauris massa. Vestibulum lacinia arcu eget nulla. Class aptent taciti sociosq.', 'Bob Barker', 'bob.barker@priceisright.biz', 'professional', FALSE, '2016-08-18', '959038192', 11),
(NULL, 'Lorem ipsum dolor sit amet,  consectetur adipiscing elit. Integer nec odio. Praesent libero. Sed cursus ante dapibus diam. Sed nisi. Nulla quis sem at nibh elementum imperdiet. Duis sagittis ipsum. Praesent mauris. Fusce nec tellus sed augue semper porta. Mauris massa. Vestibulum lacinia arcu eget nulla. Class aptent taciti sociosq.', 'Bob Barker', 'bob.barker@priceisright.biz', 'academic', FALSE, '2016-08-18', '466219743', 5),
(NULL, 'Lorem ipsum dolor sit amet,  consectetur adipiscing elit. Integer nec odio. Praesent libero. Sed cursus ante dapibus diam. Sed nisi. Nulla quis sem at nibh elementum imperdiet. Duis sagittis ipsum. Praesent mauris. Fusce nec tellus sed augue semper porta. Mauris massa. Vestibulum lacinia arcu eget nulla. Class aptent taciti sociosq.', 'Bob Barker', 'bob.barker@priceisright.biz', 'academic', TRUE, '2016-08-18', '802094227', 13),
(TRUE, 'Lorem ipsum dolor sit amet,  consectetur adipiscing elit. Integer nec odio. Praesent libero. Sed cursus ante dapibus diam. Sed nisi. Nulla quis sem at nibh elementum imperdiet. Duis sagittis ipsum. Praesent mauris. Fusce nec tellus sed augue semper porta. Mauris massa. Vestibulum lacinia arcu eget nulla. Class aptent taciti sociosq.', 'Bob Barker', 'bob.barker@priceisright.biz', 'professional', FALSE, '2016-08-18', '123456789', 6),
(NULL, 'Lorem ipsum dolor sit amet,  consectetur adipiscing elit. Integer nec odio. Praesent libero. Sed cursus ante dapibus diam. Sed nisi. Nulla quis sem at nibh elementum imperdiet. Duis sagittis ipsum. Praesent mauris. Fusce nec tellus sed augue semper porta. Mauris massa. Vestibulum lacinia arcu eget nulla. Class aptent taciti sociosq.', 'Bob Barker', 'bob.barker@priceisright.biz', 'academic', FALSE, '2016-08-18', '234567891', 11),
(TRUE, 'Lorem ipsum dolor sit amet,  consectetur adipiscing elit. Integer nec odio. Praesent libero. Sed cursus ante dapibus diam. Sed nisi. Nulla quis sem at nibh elementum imperdiet. Duis sagittis ipsum. Praesent mauris. Fusce nec tellus sed augue semper porta. Mauris massa. Vestibulum lacinia arcu eget nulla. Class aptent taciti sociosq.', 'Bob Barker', 'bob.barker@priceisright.biz', 'professional', TRUE, '2016-08-18', '345678912', 6),
(TRUE, 'Lorem ipsum dolor sit amet,  consectetur adipiscing elit. Integer nec odio. Praesent libero. Sed cursus ante dapibus diam. Sed nisi. Nulla quis sem at nibh elementum imperdiet. Duis sagittis ipsum. Praesent mauris. Fusce nec tellus sed augue semper porta. Mauris massa. Vestibulum lacinia arcu eget nulla. Class aptent taciti sociosq.', 'Bob Barker', 'bob.barker@priceisright.biz', 'academic', TRUE, '2016-08-18', '456789123', 9),
(NULL, 'Lorem ipsum dolor sit amet,  consectetur adipiscing elit. Integer nec odio. Praesent libero. Sed cursus ante dapibus diam. Sed nisi. Nulla quis sem at nibh elementum imperdiet. Duis sagittis ipsum. Praesent mauris. Fusce nec tellus sed augue semper porta. Mauris massa. Vestibulum lacinia arcu eget nulla. Class aptent taciti sociosq.', 'Bob Barker', 'bob.barker@priceisright.biz', 'professional', FALSE, '2016-08-18', '567891234', 4);
